Gemeente,Zorgverzekeringswet (Zvw) - Kosten totaal [euro] [2014],Algemene Wet Bijzondere Ziektekosten (AWBZ) - Kosten totaal [euro] [2014],Wet langdurige zorg (WLZ) - Kosten totaal [euro] [2015],Zvw - Huisartsenzorg - Kosten totaal [euro] [2014],Zvw - Farmaceutische zorg - Kosten totaal [euro] [2014],Zvw - Wijkverpleging - Kosten totaal [euro] [2015],Zvw - medisch-specialistische zorg - Kosten totaal [euro] [2014],Zvw - Geestelijke gezondheidszorg - Kosten totaal [euro] [2014],Zvw - Overig - Kosten totaal [euro] [2014],AWBZ - Zorg thuis - Kosten totaal [euro] [2014],AWBZ - Zorg in een instelling - Kosten totaal [euro] [2014],WLZ - Zorg in een instelling - Kosten totaal [euro] [2015],WLZ - Zorg zonder verblijf - Kosten totaal [euro] [2015],Zorgverzekeringswet (Zvw) - Zorggebruikers (Patiënten/Cliënten) [aantal] [2014],Algemene Wet Bijzondere Ziektekosten (AWBZ) - Zorggebruikers (Patiënten/Cliënten) [aantal] [2014],Wet langdurige zorg (WLZ) - Zorggebruikers (Patiënten/Cliënten) [aantal] [2015],Zvw - Huisartsenzorg - Zorggebruikers [aantal] [2014],Zvw - Farmaceutische zorg - Zorggebruikers [aantal] [2014],Zvw - Wijkverpleging - Zorggebruikers [aantal] [2015],Zvw - MSZ - Zorggebruikers [aantal] [2014],Zvw - GGZ - Zorggebruikers [aantal] [2014],Zvw - Overig - Zorggebruikers [aantal] [2014],AWBZ - Zorg thuis - Zorggebruikers [aantal] [2014],AWBZ - Zorg in een instelling - Zorggebruikers [aantal] [2014],WLZ - Zorg thuis - Zorggebruikers [aantal] [2015],WLZ - Zorg in een instelling - Zorggebruikers [aantal] [2015]
Aa en Hunze,57233032,56813911,47442603,4046158,6334820,5503310,34673007,4227760,7951287,17191627,39622285,9005168,38437435,22571,1812,800,19496,17214,907,14609,1305,9095,1275,693,226,624
Aalburg,26066049,15222217,11966900,1744747,3135781,2141233,15338545,1632955,4214021,5705764,9516453,2213575,9753325,11425,670,245,9792,8677,365,6846,493,4871,514,207,79,188
Aalsmeer,60097309,34112164,29483881,4669033,7185778,2921040,34920431,4462122,8859946,7878251,26233913,3500134,25983747,27597,1340,616,24113,20619,616,17388,1425,11136,946,479,228,477
Aalten,59408005,45090707,33345049,4348352,6867097,8683632,35959929,3957085,8275544,16030640,29060067,4102671,29242378,23884,1906,673,20844,18415,1186,15074,929,10254,1454,572,196,524
Achtkarspelen,59443638,34628559,23312240,4141329,7100093,5231489,35213584,4549568,8439064,19504472,15124087,8999850,14312390,25074,1760,538,21705,19282,956,15654,1458,10581,1498,363,277,311
Alblasserdam,42161480,26312667,17217356,2772832,5735912,4684997,24183768,3287432,6181536,12101024,14211643,4604203,12613154,17596,1268,406,15419,14079,767,11161,913,7547,1019,314,205,251
Albrandswaard,52787477,45550732,33882459,3537276,5472897,2139616,29592793,7453704,6730807,8482661,37068071,5159213,28723246,22596,1262,588,19957,17523,461,14441,1282,9014,661,716,175,462
Alkmaar,229953547,127712558,91033525,14091900,24299453,14878910,131787261,28303083,31471849,46938297,80774261,17869508,73164017,94062,5794,2016,82763,69171,2861,59083,7301,36495,4379,1846,732,1549
Almelo,177155839,151411596,97793451,12018575,21770378,21891589,100289087,18675067,24402732,69696995,81714601,23017651,74775800,65143,6081,1937,58181,51713,3024,43145,3943,27975,4846,1671,678,1393
Almere,391525322,181639971,106794029,30008864,44706985,25730500,225057220,37143297,54608957,96975857,84664114,41740243,65053786,174468,7735,2721,155629,132496,3695,110654,11321,70113,6450,1752,1621,1329
Alphen aan den Rijn,222048624,154717773,125938365,17027524,25511932,16501476,131003154,19706629,28799386,42924060,111793713,15008466,110929899,95705,5587,2176,84492,73126,2645,60229,6026,38271,4053,1924,581,1796
Alphen-Chaam,19481041,11169506,8097158,1308612,2262565,1248515,11866927,998070,3044867,3586323,7583183,1287292,6809867,8716,477,164,7730,6645,257,5707,366,3528,362,153,58,125
Ameland,6761832,4014581,2716802,748127,845267,1231857,3835447,277156,1055836,1779626,2234955,501892,2214909,3189,212,50,2810,2465,151,1871,100,1316,172,45,12,40
Amersfoort,316320196,205027714,148426210,23892664,34738340,24497696,176986504,39176417,41526271,78599394,126428320,32240954,116185257,134924,7524,2849,118645,99056,3566,81689,10048,55520,5559,2443,1016,2074
Amstelveen,183384200,104120323,85649317,11709574,20696958,10944373,106651038,17818114,26508517,29367357,74752966,13673880,71975436,72926,4094,1953,62965,55045,1906,47483,5016,27692,2858,1577,783,1396
Amsterdam,1713468617,890061215,553270600,113838919,229070860,123381367,900318343,250750540,219489954,373967800,516093415,142501077,410769523,697636,35273,11722,614757,522560,16947,442033,59179,242784,26647,10806,4617,8057
Apeldoorn,369895506,362263768,270372129,23494682,40742974,33497950,216585991,42035075,47036784,105509926,256753842,45146209,225225919,140645,12622,4761,122648,107468,6101,89891,9039,57207,8997,4593,1425,3709
Appingedam,33059281,31064949,23548643,2071850,4085879,4151480,19425070,2388022,5088460,9968831,21096119,2768842,20779801,10794,1190,462,9512,8611,572,7436,757,4692,868,407,104,388
Arnhem,335914052,289138411,196529327,23487668,39188848,22501191,185767006,43356524,44114006,93145577,195992833,32366136,164163192,132361,10038,3690,117666,98953,3665,84928,9850,50671,6951,3830,1047,2892
Assen,160804458,175298913,129911525,10445035,16130839,12093150,85114789,27101319,22012476,56687109,118611805,20368719,109542806,59850,5809,2104,52169,44676,2346,37629,5584,25385,4180,2025,559,1690
Asten,34665220,23569912,18291380,2220915,3676105,1977947,21337740,2147586,5282874,8524484,15045428,3764832,14526548,14453,947,351,12757,10525,494,9400,806,6133,706,318,114,269
Baarle-Nassau,15770219,15819941,7519636,964967,2044542,1120323,9292742,782959,2685009,4546444,11273497,1442559,6077077,5866,539,153,5269,4637,222,4121,281,2391,356,210,45,116
Baarn,54267641,102058147,94359112,3747457,6080691,4327579,31851911,5289051,7298531,16571208,85486939,9289260,85069852,21872,2045,1254,18910,16523,821,14607,1332,8609,1116,1120,240,1073
Barendrecht,94010004,46079131,37897843,6339379,10926432,4494186,55980837,7910696,12852660,15581202,30497929,8758686,29139157,43060,1702,759,37683,33638,813,27135,2318,17754,1193,690,310,541
Barneveld,101860732,74272350,54819223,8175293,11066581,11140161,58335528,8494021,15789310,34660546,39611804,16907825,37911398,47527,2919,1080,40801,34635,1450,27975,2247,21227,2291,879,449,745
Bedum,23778742,32176657,27615521,1562379,2634454,1964358,13830011,2427507,3324391,7363601,24813056,3372719,24242803,9267,829,423,7836,6850,287,5927,617,3745,571,375,82,371
Beek,39482938,17756705,12794192,2612696,4597252,3006563,22510381,3549969,6212640,9742004,8014701,3940149,8854044,14672,1259,288,13274,11856,818,9592,827,5905,1122,189,149,159
Beemster,18369864,19097198,17403379,1320172,1830720,1032616,11505307,1207879,2505786,5310440,13786758,3494137,13909242,7867,552,280,6782,5673,250,4998,396,3101,392,225,88,212
Beesel,33015458,17848843,12305438,2027259,3723415,3632032,19065981,3163484,5035319,8701287,9147556,3125266,9180173,11974,804,276,10510,9317,500,7758,637,5298,659,183,139,166
Bellingwedde,24383313,21027690,14969822,1612224,2964092,3994761,14791398,1742573,3273026,12738192,8289497,6726996,8242826,7984,755,254,6931,6443,443,5444,474,3290,626,165,111,161
Berg en Dal,83339382,86657529,75033829,5360683,9371363,8451743,49515813,6585642,12505881,25471726,61185803,12176527,62857302,30698,2763,1276,26796,22914,1453,20179,1831,12831,1960,1060,429,987
Bergeijk,40447702,19314470,13685779,2529825,4388640,3368077,23863539,2563124,7102575,9891994,9422475,3930860,9754919,16410,919,295,14425,12850,565,10749,784,6902,761,242,138,184
Bergen (L.),31339560,21720466,16402634,2195465,3762384,3284566,18549646,2184555,4647510,9516245,12204222,4399219,12003416,11836,857,285,10588,9186,481,7922,563,5037,694,215,115,208
Bergen (NH.),68802745,64224547,55972849,4082087,7166137,5593209,43100412,4652170,9801938,17227367,46997180,8841391,47131459,26557,2120,1101,22880,19408,1040,17139,1599,10266,1365,941,283,904
Bergen op Zoom,165574047,122397297,98296098,9715400,20145574,12053186,89025145,19702241,26985688,34723495,87673802,13479926,84816172,59875,4946,2137,53247,48265,2419,41043,4072,24862,3586,1665,827,1443
Berkelland,98645949,74005435,44483993,7038544,11519712,12331834,59322307,6904807,13860579,30767397,43238038,10066520,34417473,39645,3017,903,34247,30477,1855,25396,1736,16877,2348,816,317,666
Bernheze,64209048,41633377,33784066,4332146,7802012,5513359,38282159,4037269,9755463,15814286,25819091,7950627,25833439,26957,1656,690,23904,20928,970,17684,1341,11716,1215,568,270,496
Best,62976304,28838387,17179514,3913215,7396180,4306613,37296627,4969903,9400379,12393592,16444795,3962389,13217125,26055,1283,360,23096,20330,677,16991,1381,10740,1027,357,150,254
Beuningen,54052612,23748965,14556458,3674679,6055758,4240931,31541805,4679993,8100377,9769304,13979661,2572821,11983637,22778,1260,356,20118,17019,737,13948,1559,9490,1028,306,154,237
Beverwijk,92341047,48566161,36103679,5909106,10597343,6416994,54312974,9191867,12329757,18790275,29775886,10601789,25501891,35583,2198,815,31250,27133,1158,23016,2695,14176,1664,682,356,553
het Bildt,23178518,10882313,8847770,1510140,2603754,2368620,13753578,2157917,3153128,5455423,5426890,2089874,6757896,9025,684,207,7673,7000,423,5713,503,3735,587,139,68,154
De Bilt,100176941,67839566,48717325,7022179,10512991,8634206,59250442,9152915,14238415,22488730,45350837,10304872,38412453,38084,2883,1184,33163,28886,1716,24015,2440,15774,2094,996,436,865
Binnenmaas,61979390,33452591,26918906,4032441,7486479,5186110,37134006,4002479,9323985,10948217,22504374,3935335,22983570,25742,1487,507,22765,20094,900,17013,1348,10218,1161,484,169,399
Bladel,45903754,26786696,19845058,2815166,5214106,3278866,27436369,3301425,7136687,10364750,16421946,4485463,15359596,17770,1144,415,15672,13746,608,11653,893,7461,875,399,158,308
Blaricum,21760292,8883956,6918079,1531758,2272456,903655,13255728,1420518,3279832,3893737,4990219,2464711,4453368,8562,414,170,7615,6619,225,5780,498,3251,325,111,75,106
Bloemendaal,52156888,45553009,36887453,3570591,5344503,4604265,31379678,4754077,7108039,11991512,33561496,6374682,30512772,20216,1576,758,17734,15176,812,13426,1135,8278,1023,671,256,578
Bodegraven-Reeuwijk,68011627,34193782,26404767,4638679,7762771,5682900,41860281,4213263,9536633,13933356,20260425,6790771,19613996,29552,1774,498,25775,22295,1224,17963,1304,11796,1493,391,210,342
Boekel,21361924,25281035,21203332,1280931,2272783,2400369,12320308,2637701,2850201,5280808,20000227,1722194,19481138,9091,695,313,7930,6918,314,5368,464,3974,418,302,78,260
Ten Boer,14991389,16190276,13362636,1176691,1412255,1672688,8554387,1428226,2419831,3896697,12293579,1293357,12069279,6685,532,278,5760,4888,226,4065,414,2715,308,253,42,249
Borger-Odoorn,61533175,36264753,22628214,4494910,7220385,6244432,37895772,4114863,7807246,20590853,15673900,8165084,14463130,23071,1672,507,20398,18157,997,15291,1336,9372,1380,379,225,320
Borne,50282117,35222306,24931484,3517537,6218730,5729282,30834777,2717117,6993957,19600070,15622236,10594811,14336672,19931,1407,477,17218,15509,846,13203,909,8463,1191,320,242,286
Borsele,46093407,28284732,22200336,2986435,4899286,3287531,26975834,3225315,8006537,11961834,16322898,5856173,16344163,19783,1276,413,17102,14963,721,12779,918,8389,1034,378,170,291
Boxmeer,64364805,42840894,31799552,3958361,7282317,5662357,38131876,5803147,9189103,15951572,26889323,7598105,24201447,25395,1748,634,22201,19035,913,16113,1625,11047,1317,553,234,455
Boxtel,68275471,56288101,35943011,4307813,7304343,4407722,40502996,5715122,10445195,13680510,42607590,4822664,31120347,27529,1898,760,24857,21042,880,18495,1587,11405,1229,808,209,615
Breda,392670433,271945407,198103205,24534277,45328135,27740645,226916458,36815725,59075837,96552952,175392455,40547739,157555466,159679,11604,4257,141363,123927,5485,106627,9741,63716,8815,3583,1698,2962
Brielle,36965822,23229655,20449733,2229780,4350733,1926961,22357288,2503443,5524579,6074634,17155021,2897618,17552115,14673,787,366,12865,11426,420,9568,800,5899,520,349,85,313
Bronckhorst,84106826,60391074,31080897,5825096,10525414,15314223,50789515,5094972,11871829,32716973,27674102,10425728,20655168,33148,2600,682,29076,25649,1700,20955,1490,14019,2128,604,330,404
Brummen,49210083,33377384,23248844,3375025,5578132,5394752,29445972,4339766,6471189,15116238,18261145,6994622,16254221,18870,1409,487,16699,14516,912,12317,1141,7672,1126,395,232,305
Brunssum,81802633,59133428,42060217,4226936,9206744,7419123,46816374,7399466,14153113,21310887,37822541,5677916,36382301,26233,2588,938,23277,21363,1334,17717,1819,11057,1961,790,324,706
Bunnik,32294816,15068549,10080882,2163683,3557958,2577913,19354057,2880534,4338584,6512502,8556047,2203282,7877600,13129,711,235,11432,9626,449,8420,844,5478,572,180,118,156
Bunschoten,40725527,26710496,22536583,3046897,4479155,2163535,24115610,3094594,5989272,11845740,14864756,7542808,14993775,18381,878,419,16121,13788,415,11149,909,7854,676,294,202,284
Buren,58408150,22027221,14826344,4161282,6447724,5081402,35707045,3708416,8383683,11133268,10893952,4412203,10414142,23155,1161,355,20146,18221,767,14562,1102,9425,970,263,182,234
Capelle aan den IJssel,157794046,82488683,55642807,9997183,17364523,10156537,91141874,18555574,20734892,29385174,53103509,13333272,42309536,59488,3562,1252,52986,47442,1979,39449,3945,23066,2706,1120,483,906
Castricum,72151565,50145105,38584313,4968260,8533211,5830084,41217689,7353573,10078831,15757922,34387184,9202929,29381385,30935,1901,780,27406,23203,998,19429,1966,12011,1357,682,299,559
Coevorden,84622136,62615625,39716022,6416546,9828724,11164932,51786698,5178182,11411985,31647031,30968595,13859181,25856841,32114,2620,855,28410,25078,1494,21004,1540,13740,2076,715,371,558
Cranendonck,49201091,26501124,18959589,2843487,5468374,4335565,30230249,2863113,7795868,10741294,15759829,3577215,15382374,18323,1140,455,16000,14375,699,12574,743,7638,907,340,207,303
Cromstrijen,25636215,14391597,11706612,1917288,3482441,1647746,14884206,1734447,3617833,5176439,9215158,2229954,9476658,11458,673,226,10127,9161,374,7164,496,4563,509,212,74,174
Cuijk,54937498,28228513,20974787,3490059,6450257,4395910,32522754,4818288,7656141,11716118,16512395,4334156,16640632,22239,1358,456,19646,17092,796,14128,1603,9643,1104,348,190,324
Culemborg,60900904,38782896,28466669,4358348,6716499,4163910,34597962,6037981,9190114,14075450,24707446,6580609,21886060,24750,1578,589,21525,18511,827,15623,1516,10533,1177,515,248,412
Dalfsen,56063607,32049957,21804402,4200687,6721481,5358635,33946300,3336249,7858890,17338159,14711799,8596072,13208329,24348,1497,457,20845,17465,1018,14677,1084,10451,1259,309,220,281
Dantumadiel,40894093,36357922,27306318,2910607,5184998,5043456,23471154,2890363,6436971,14219606,22138317,6316566,20989752,16854,1425,520,14510,12897,760,10238,841,7159,1066,481,157,400
Delft,205263504,116460142,79574018,13122767,24340993,14520121,118977665,24079392,24742686,41332043,75128098,15895698,63678320,81213,4963,1696,71386,62250,2372,52514,5818,29307,3774,1650,617,1262
Delfzijl,68861240,48238991,30425205,4420933,8751456,6772012,40700921,5502938,9484993,19476073,28762918,6079008,24346197,22680,2058,699,20172,18462,1083,15582,1542,9705,1534,648,208,539
Deurne,72339782,58582681,52366849,4561181,7650923,5635668,43740994,4948968,11437716,17644322,40938359,8009028,44357821,28575,2154,847,24930,21900,1079,19638,1459,12216,1613,741,271,638
Deventer,228534302,150168187,97918561,14739648,25978853,16440551,129311220,29690436,28814144,49809983,100358203,8269096,89649465,87194,6301,2180,77183,66368,3434,54712,6525,35161,4659,2063,655,1691
Diemen,54142711,29006972,19920286,3631557,6268143,4004453,31014957,6054483,7173571,10672257,18334715,4347134,15573152,22627,1128,411,19800,17148,580,14116,1528,8114,799,413,140,308
Dinkelland,53785588,42189814,31266974,3915649,5814732,7076649,32882655,2638290,8534262,19294501,22895313,7892027,23374947,23039,1659,614,19720,17572,970,14987,694,10001,1336,461,239,438
Doesburg,28521697,14438164,7264564,1920010,3510863,2657304,16667831,2270486,4152506,7115130,7323034,1973554,5291011,10343,749,172,9157,8192,441,7104,658,4319,623,160,78,115
Doetinchem,130934459,132539670,96895475,8779910,16132801,16240663,73578694,13996808,18446246,50114169,82425501,18875157,78020318,50986,4495,1728,44579,39189,2175,32989,3290,21482,3436,1429,595,1272
Dongen,55817216,42391939,35236742,3457545,6602066,3516494,31978734,3987009,9791862,13234713,29157226,6334212,28902530,22891,1626,684,20209,17926,821,14284,935,9703,1191,537,260,497
Dongeradeel,55791852,42696488,30458784,4217488,6572478,5997820,32693102,4276061,8032721,17528344,25168145,7939101,22519683,21254,1814,634,18160,16211,866,12763,1145,9081,1350,606,197,492
Dordrecht,285792933,173027257,119851166,17137250,32458303,22863616,159456474,36028733,40712173,62582141,110445115,21498854,98352312,106203,7169,2569,95109,83507,3754,68739,7248,41947,5392,2261,933,1897
Drechterland,34475376,19352434,16379548,2659200,3569686,2764037,20667497,2410495,5168498,9020525,10331909,5353357,11026191,16933,850,350,14762,11996,463,10185,883,6763,678,245,155,236
Drimmelen,57758400,49204269,41569206,3673543,6821236,3385922,34817538,2976281,9469801,11987255,37217014,6156721,35412485,23956,1601,730,21104,18728,790,15528,858,9711,1096,636,234,544
Dronten,81805320,45738035,30162192,6016897,9702737,6970688,48951758,5710155,11423772,22568198,23169836,10767008,19395184,35367,2093,614,31028,27003,1109,22079,1894,14518,1756,450,321,364
Druten,40846796,42174209,38799259,2549428,4839598,3196151,24771397,2922930,5763443,9851041,32323168,4827795,33971464,16273,1180,565,14098,12327,521,10057,870,6969,780,488,135,469
Duiven,54240671,25250478,17370057,4303922,6401514,4596915,31501635,4716414,7317187,13206516,12043962,4997989,12372067,22995,1135,358,20065,17562,632,15104,1401,9576,955,262,163,241
Echt-Susteren,82389105,96216366,67436667,5076611,9652130,7227016,48297844,5965894,13396626,21308610,74907756,10587853,56848814,28790,3217,1144,25707,23145,1605,19523,1482,11896,2163,1223,341,889
Edam-Volendam,75391979,31298531,24707510,5785343,9276870,3956707,46453154,4450642,9425969,13869448,17429083,8882485,15825025,32183,1448,554,28832,25637,853,21207,1243,12999,1166,398,289,328
Ede,226007427,184703106,136319350,17107186,26272384,21562397,128433903,23483483,30710471,67398163,117304943,25783591,110535759,96830,6881,2394,84048,70631,3365,58390,5630,41134,5313,2155,803,1826
Eemnes,17120900,9495538,7614403,1286309,1921051,830463,10657860,937428,2318251,4277209,5218329,2720469,4893934,7915,312,121,6940,5801,168,5056,416,3107,241,89,54,71
Eemsmond,38952040,27544367,13824268,2655091,4978502,5179052,21343989,4492302,5482155,16581260,10963107,6085544,7738724,14319,1256,303,12463,11400,626,9200,970,5951,1091,232,166,162
Eersel,40645224,48930901,42790749,2534214,4301514,3185652,24033015,3254823,6521659,9843863,39087038,3742017,39048731,16490,1311,616,14420,12726,570,10695,813,6753,875,604,141,515
Eijsden-Margraten,58180146,32502254,21766735,3704177,7231099,4206263,34056991,4114480,9073398,15799921,16702332,6095555,15671179,22454,1425,476,19793,17917,779,13989,1276,8853,1125,376,187,350
Eindhoven,518042430,334673777,221753180,30685891,59431288,34681006,290218565,62709073,74997614,116595045,218078731,35616823,186136357,191747,13760,5041,170343,147172,6148,126979,14029,73752,10290,4600,2095,3344
Elburg,49891111,37692719,26736429,3327282,5612191,5388450,28920050,4270641,7760946,16658683,21034036,7059663,19676765,20438,1442,527,17520,15389,702,12208,1083,8968,1108,453,211,374
Emmen,274979505,201747930,130430867,18840451,32248767,34637208,164988704,23171328,35730254,101546579,100201352,43355354,87075513,97590,8499,2702,86427,77468,4676,65189,6094,41358,6924,2114,1279,1663
Enkhuizen,37478051,27141623,19930701,2406094,4464078,2903024,21697087,3574675,5336116,10775577,16366045,4852394,15078307,16181,1097,412,14198,12082,526,10053,1177,6216,859,359,153,297
Enschede,361547867,294208893,200140026,23111229,40381771,34659305,204572590,41060969,52421308,113432865,180776028,38984280,161155746,136369,11621,3936,118899,103899,5395,89233,8936,56119,8788,3589,1158,3058
Epe,78401162,57059736,38122457,5354337,9992742,9155561,45450362,6257836,11345885,22575124,34484612,9570205,28552252,29083,2407,780,25694,22530,1463,18655,1460,12249,1860,701,282,576
Ermelo,60210371,130388510,111089331,4231609,6664261,5407656,32207311,8403390,8703800,21979681,108408828,10736053,100353278,23204,2616,1498,19666,17439,807,14662,1519,9931,1317,1485,246,1314
Etten-Leur,93584771,69541116,56131663,6009496,10559749,5565915,54654297,7834736,14526494,20159692,49381424,9261374,46870289,38259,2580,1199,33853,29466,1252,25246,1920,15958,1829,929,486,814
Ferwerderadiel,16748929,9801270,7172162,1194483,1804419,1799612,10076655,1251998,2421374,4705284,5095985,2073209,5098952,7492,499,173,6183,5321,286,4443,379,3197,403,132,53,127
Franekeradeel,48792660,43811984,28963709,3103169,5454086,5395220,27037226,6474786,6723393,16008557,27803427,6282807,22680902,18001,1706,571,15587,13648,830,11302,1252,7460,1292,538,205,406
De Fryske Marren,108050460,70848547,52734543,7662997,12531973,13502458,63748345,8246472,15860673,30752010,40096536,11583266,41151277,45152,3288,1221,38848,33676,1792,27513,2285,18936,2677,810,562,745
Geertruidenberg,46281603,35580950,30608248,2993850,5674526,2928583,26847563,2535463,8230201,8361122,27219828,3173691,27434557,19559,1258,571,17332,15616,617,12699,663,8140,850,513,162,466
Geldermalsen,55340448,40131298,30940210,4078578,6709424,5035916,32800801,3431056,8320590,16381596,23749702,8370809,22569402,23351,1494,608,20374,17431,781,14806,1124,9981,1150,429,273,405
Geldrop-Mierlo,96516605,47142427,32618317,5623826,10878649,6299582,59875986,7066599,13071545,19928445,27213982,7286069,25332248,35427,2211,758,31370,27380,1100,23634,2058,14559,1738,698,335,513
Gemert-Bakel,64534964,42253278,29051594,4086881,7083909,5138276,39719298,4358068,9286808,14775118,27478160,5629527,23422067,26312,1804,604,23366,19704,913,17114,1316,11106,1344,614,238,436
Gennep,37904991,67671243,62809653,2429428,4406834,3605752,22563369,3195934,5309426,8311370,59359873,2945251,59864402,15310,1536,891,13234,11383,575,9860,803,6273,798,841,141,801
Giessenlanden,28957253,12302454,9440865,2020969,3590161,2739950,17108223,1978459,4259441,5855825,6446628,2278974,7161891,12878,623,236,11127,9811,416,7786,638,5151,531,141,134,128
Gilze en Rijen,53404805,28918025,22057426,3447531,6518125,2933423,31356123,3594864,8488161,12720706,16197319,6375586,15681840,23245,1335,484,20744,18440,715,15359,1192,9664,1079,352,237,308
Goeree-Overflakkee,111562522,94891451,75182979,7201978,14163891,10392147,65261880,6807138,18127634,25665153,69226299,10092053,65090926,43628,3324,1336,38073,34468,1738,28578,2056,18717,2385,1291,369,1080
Goes,91305999,87952570,67303572,5185278,11203637,8027758,49226466,10899504,14791113,22155857,65796713,6508956,60794616,32942,3209,1278,28773,25966,1477,22518,1992,13773,2216,1348,329,1068
Goirle,50042786,33657866,27271713,3226116,6006058,2698233,30021990,3134079,7654543,14490152,19167714,9025435,18246278,20858,1256,525,18392,15881,607,13826,1118,8587,987,339,260,307
Gooise Meren,128371883,73447964,55408455,8713751,13924283,8072621,77023226,11042707,17667916,28313826,45134138,15954337,39454118,51125,2999,1296,45172,38196,1544,33111,3218,20572,2183,1074,568,855
Gorinchem,78388945,58993791,44448048,5125392,9477992,7400110,44586536,7489895,11709131,19614724,39379067,8241388,36206659,31696,2290,1015,27827,24401,1223,19701,2085,12950,1677,782,425,691
Gouda,155886270,110784640,79805382,10234146,18615198,12432090,91368353,13439352,22229221,37889306,72895334,15345474,64459908,63486,5568,1645,56150,48578,3202,40003,4044,25799,4379,1512,550,1241
Grave,27670033,27563184,23482309,1678685,3117739,2880964,16682338,2013774,4177497,7859232,19703952,3804712,19677596,10953,802,355,9605,8224,410,6859,729,4583,553,317,92,286
's-Gravenhage,1130536050,715468663,510911728,71309228,139429523,83697380,638118388,131149189,150529723,242004401,473464263,95222536,415689192,443601,28245,10522,394995,349875,12713,294009,33482,175035,20257,10606,3623,7892
Groningen,391925599,246371635,132903488,28080241,41690153,32773581,199100313,73783820,49271072,117215488,129156147,31482531,101420957,163385,11231,2826,142990,120563,4410,96090,15171,53342,8981,2871,938,2075
Grootegast,24639375,18155908,13424959,2178876,2721831,2632193,13799052,2086780,3852835,8289845,9866063,3241549,10183410,10770,747,248,9532,8063,370,6636,679,4453,604,181,85,182
Gulpen-Wittem,35140833,27043587,19364370,2110772,4199921,3127304,19895534,2853324,6081281,13020895,14022692,5278988,14085382,12930,996,351,11448,10418,505,8596,751,5030,766,289,109,269
Haaksbergen,53452070,37205369,27093674,3530623,5711892,5972502,32143441,3673421,8392693,14531082,22674287,5363697,21729977,21697,1477,521,18838,16698,882,14324,844,9027,1141,455,154,411
Haaren,26627101,42190611,41586778,1777385,3019604,1739482,16095027,1890904,3844182,5805879,36384732,2927458,38659320,11997,892,529,10370,9045,311,7914,637,4867,520,444,99,456
Haarlem,339506470,199958986,142813524,23450847,35228075,22549035,193714546,39127015,47985988,69573191,130385795,29069911,113743613,137800,8776,3299,121825,101723,4389,86541,9929,51820,6602,2735,1351,2268
Haarlemmerliede en Spaarnwoude,11358787,1922262,1004530,928143,1180666,1124376,7069313,714580,1466084,1509422,412840,663947,340583,5002,163,39,4481,3767,129,3161,247,1833,150,16,32,14
Haarlemmermeer,297064698,158413015,127989855,22004808,32574811,16944890,178833448,24658752,38992879,43104080,115308936,17298789,110691065,128641,5394,2218,112927,96705,2642,83014,7641,51396,3781,1980,772,1731
Halderberge,71996832,38152294,28759882,4109438,9600102,5550904,40862814,5755903,11668574,15989049,22163244,5959826,22800057,26896,1894,748,23654,21824,1110,18538,1321,11411,1464,541,310,494
Hardenberg,132307085,108316088,73948424,9376605,14161955,14004502,78322610,10574756,19871158,46761282,61554806,18826284,55122139,53475,3893,1334,46933,40318,1976,33146,2753,23217,3040,1137,514,946
Harderwijk,103490349,65496721,44745636,7230592,11574334,8742497,59684141,9760218,15241064,29556971,35939750,11608667,33136969,40980,2550,875,36184,31535,1353,25831,2773,17683,2020,731,347,608
Hardinxveld-Giessendam,36510475,21350593,16058794,2437085,4384180,3844643,20696535,3418872,5573803,8750111,12600482,3518240,12540554,15687,1015,409,13278,11722,630,9691,875,6711,814,272,209,251
Haren,43065083,40734811,30334293,3163143,4574795,5248866,24407510,4399033,6520602,14644638,26090174,6445529,23888764,16946,1535,624,14661,12609,773,10819,1156,6804,1120,584,148,514
Harlingen,36113714,30714950,23152576,2284422,4139589,4723723,20779730,3581594,5328379,13185774,17529176,5845982,17306594,13821,1212,455,12028,10287,641,8690,842,5515,945,376,172,325
Hattem,26945079,15447662,8745961,1734611,3143490,2627241,16336394,1767199,3963385,6308991,9138671,2159900,6586061,10520,729,220,8992,7662,421,6321,598,4439,575,208,86,148
Heemskerk,86643459,64312529,56156848,5921403,10035597,4787718,51831350,6918619,11936488,18679523,45633006,11879608,44277240,35117,2233,1011,30935,26587,1056,22910,2312,13693,1599,825,353,744
Heemstede,65591691,61549729,59297016,4057912,7348037,5109693,40125229,4799413,9261101,12507792,49041936,5769396,53527620,24082,1935,1008,20959,18198,1049,15935,1472,9732,1286,759,298,783
Heerde,41668251,34380948,28408246,3027974,4926685,4341394,24390442,2741153,6581996,13697849,20683099,6499745,21908502,16559,1264,577,14398,12670,686,10391,841,7012,939,423,211,429
Heerenveen,121112665,87851276,58736121,7399740,12818231,17064080,72550844,11464625,16879226,40678294,47172982,14525548,44210573,44561,3838,1193,38511,33457,1980,28049,2575,18631,3070,1037,380,906
Heerhugowaard,111047245,93570383,77418671,7071672,12056463,7291088,63621616,12772786,15524710,22641600,70928783,8867479,68551192,47209,2870,1216,41700,34547,1199,29646,3493,19587,2011,1151,352,996
Heerlen,257950261,169401534,103904734,14203904,30837133,21677905,139133559,28963171,44812494,70696021,98705513,21631316,82273418,79002,7803,2214,71759,64982,3972,54435,6212,32374,6096,2239,847,1539
Heeze-Leende,36011981,39723281,37230790,2214131,4163931,2961110,22820132,2041056,4772731,7184461,32538820,2946996,34283794,13997,958,490,12220,10741,451,9332,579,5739,651,457,124,406
Heiloo,52479159,32775889,24590375,3065529,5043491,4384918,31200047,6262101,6907991,10110324,22665565,5464737,19125638,20298,1388,506,17699,14790,809,13232,1355,8147,1028,431,207,341
Den Helder,141213923,122393067,100179743,8304696,15931587,10743929,86563782,12830294,17583564,29863504,92529563,12710421,87469322,48782,3898,1680,43104,37819,1784,32781,3075,19233,2672,1577,456,1378
Hellendoorn,79382481,60097723,45922520,5661827,9221892,7461758,46440748,6142054,11915960,21565379,38532344,9226849,36695671,32156,2290,892,28304,24760,1209,20284,1399,13770,1734,739,291,665
Hellevoetsluis,91302710,47102523,35292382,5673283,10727023,4840044,53967406,7995851,12939147,15401121,31701403,7805123,27487259,35095,1873,655,31279,27799,1005,23487,2236,14013,1342,703,218,484
Helmond,207750911,104410866,57933447,13200374,23656019,17330967,122947225,18520981,29426312,59688887,44721979,19696165,38237282,80504,5350,1346,71244,61911,2936,52731,5561,34165,4547,1238,710,772
Hendrik-Ido-Ambacht,63408756,26531764,15803927,3989357,7154137,4297057,37716545,5444317,9104401,9883397,16648368,3944786,11859141,26442,1194,360,23281,20694,727,17055,1539,11240,909,352,152,253
Hengelo,182818859,130215790,79561703,12672351,20271432,16261551,104361075,19438598,26075403,58051539,72164251,20060942,59500761,72082,5791,1684,55132,55333,3052,47522,4373,29974,4643,1558,672,1175
's-Hertogenbosch,332732793,209394190,154129362,21062303,38672980,19164955,188445462,37302327,47249721,68909371,140484819,28152793,125976569,135538,8235,3119,120701,104714,3844,87337,9453,53624,6002,2735,1105,2220
Heumen,36829419,23637882,19244100,2432007,4041019,3133301,21678821,3079449,5598122,7567490,16070392,3163951,16080148,14788,955,387,12806,10957,560,9271,777,6178,716,310,141,291
Heusden,95597543,45991965,33299796,5782319,10831611,5100803,56589543,8364582,14029488,22135105,23856860,11252272,22047524,38866,2148,688,34448,30233,1149,25965,2113,15851,1762,506,318,428
Hillegom,49056704,36801573,29680285,3183077,5673144,3855209,29080338,4030550,7089594,8225588,28575985,2631272,27049013,18982,1199,546,16883,15023,577,12474,1284,7515,762,523,124,472
Hilvarenbeek,31504137,19369634,16512614,1928586,3877122,1241438,19182024,1914455,4601949,7517038,11852597,4326102,12186512,13616,719,317,11846,10287,325,8897,610,5636,530,238,117,231
Hilversum,199782054,130835369,100636214,12995785,22129637,14405748,115307624,21527696,27821313,48660970,82174399,24905761,75730454,77033,4865,2156,68151,58472,2329,50716,5439,29934,3478,1704,800,1520
Hof van Twente,79502124,52637288,35720232,5450623,9588992,9769038,48385059,4683961,11393490,22416342,30220946,7763580,27956652,31371,2407,722,26373,24498,1585,20692,1293,13267,1935,669,219,549
Hollands Kroon,94774966,41771791,31573615,6283277,10792604,7035789,57714138,6490061,13494886,22544409,19227382,13520108,18053507,41361,2021,658,35750,30683,1295,24709,2102,16440,1669,480,318,411
Hoogeveen,140187145,109716930,74803681,9686886,16275021,14837064,81774764,13496681,18953792,50654265,59062665,22393168,52410513,49897,4216,1468,44511,38624,2067,33271,3556,21211,3367,1214,580,1008
Hoogezand-Sappemeer,85565517,91533032,67054174,5719535,10635143,11561862,48573649,8816260,11820930,33043010,58490023,10963619,56090555,30809,3223,1136,27110,24115,1429,20395,2356,13156,2500,1038,285,914
Hoorn,148901137,85733770,59689411,10228675,16125977,12952726,86117802,16182105,20246578,34486421,51247349,13598390,46091021,63904,3783,1301,56211,46940,1945,39242,4753,25031,2954,1151,515,944
Horst aan de Maas,94031413,57604533,44186978,5919251,11602371,7517587,54370348,7075493,15063950,20482534,37121999,8260090,35926888,37342,2087,935,33134,28523,1142,24427,1854,16044,1552,670,426,622
Houten,90922341,50345786,35546993,7231387,10227951,6148984,49849920,10185599,13427485,21663372,28682414,8806766,26740226,43350,2042,854,37927,30908,983,25714,3054,17800,1559,601,407,521
Huizen,94328602,63572858,50898004,6907280,10305218,6405887,55492938,8698508,12924658,21525402,42047456,11230090,39667914,37431,2199,1043,33490,28703,1081,24446,2384,14556,1531,817,380,772
Hulst,60866687,63325878,49495430,3753925,7480875,5454197,31590710,3624038,14417138,15884690,47441188,4277153,45218277,22555,2180,875,19541,17485,1109,15458,997,10052,1577,808,284,659
IJsselstein,69328302,36839976,28183629,5400386,8354787,3938872,40261687,6280291,9031151,14240233,22599744,6637491,21546138,30828,1607,638,27256,23652,845,19441,2180,12412,1221,481,275,431
Kaag en Braassem,52193040,20223512,15428872,4008003,5987084,3495584,31900897,3768031,6529024,8497778,11725735,4190264,11238608,23188,1027,346,20315,17673,634,14611,1297,9215,824,285,143,258
Kampen,105597632,79490915,52902133,7723837,12265040,11322982,60894443,8272643,16441668,35566350,43924565,15813801,37088332,45341,3236,1146,38701,32875,1519,27112,2576,19789,2510,947,493,754
Kapelle,24278927,13887166,8176013,1564541,2794895,2252845,13399551,1994597,4525343,7113332,6773834,2850301,5325712,11081,658,182,9534,8341,389,6444,554,4751,550,172,109,114
Katwijk,132409848,94805188,77638062,10054367,15908449,12727954,76200158,11226008,19020866,28590393,66214794,11434822,66203240,56193,3305,1358,48904,43508,1632,35097,3280,23566,2366,1182,402,1083
Kerkrade,130841858,97744931,73252616,7194765,15437370,10612237,71450600,11614148,25144975,35015931,62729000,12011878,61240738,40331,4026,1488,36839,33736,2026,27842,2888,16989,2964,1375,483,1157
Koggenland,41586966,24416878,19971279,2756715,4243377,3160525,25503347,3027305,6056222,10873034,13543844,6116782,13854497,19479,1043,411,16710,13578,568,11580,1018,7930,823,300,176,279
Kollumerland en Nieuwkruisland,27048388,23051540,18273732,1962288,3374107,2254596,15992697,1720220,3999075,7323010,15728530,2460739,15812994,11299,825,313,9769,8638,388,6786,572,4644,628,267,95,246
Korendijk,20930187,11613548,9059257,1600809,2838574,1598348,11655914,1432514,3402376,4964430,6649118,3894128,5165129,9724,517,179,8640,7574,282,5870,443,3968,407,150,87,108
Krimpen aan den IJssel,66097885,34385992,27770838,4403045,7545893,3644506,38977747,5144778,10026423,11836681,22549311,6215402,21555436,26135,1555,636,23034,20382,839,17407,1478,10807,1174,511,245,477
Krimpenerwaard,113424093,66768163,51378511,7571886,12960935,8656564,69153308,7342233,16395730,26747928,40020235,14808264,36570247,47974,3198,1006,41937,36682,2060,29981,2503,19254,2580,805,405,711
Laarbeek,50640809,31209249,24373067,3451578,5884392,3798283,31077068,3224633,7003138,14909863,16299386,8519547,15853519,19907,1311,487,17559,15779,702,13489,931,8324,1015,407,208,325
Landerd,33472119,27940723,21955496,2148156,4135073,3556115,20246045,2010005,4932840,11695986,16244738,5898699,16056796,13648,908,366,12003,10360,490,8727,801,5951,662,290,126,267
Landgraaf,101679881,76314459,59199243,5554925,12092708,7053551,58237514,8501805,17292930,23173948,53140511,9118025,50081218,33634,2874,1012,30197,27901,1415,23011,2306,13983,2060,987,286,805
Landsmeer,23214784,8716623,6405484,1665166,2626460,1122477,14432997,1510776,2979384,3740401,4976221,2051855,4353628,9886,433,177,8746,7618,245,6523,578,3719,336,132,82,119
Langedijk,53833277,27175212,21342952,3484199,5334172,2957152,32973004,4400039,7641863,12852887,14322325,6556577,14786375,23902,1201,438,20587,17330,613,14681,1382,9578,975,340,193,290
Lansingerland,103829898,50978791,44513488,7861009,11643385,4246250,60781852,8646115,14897536,14141616,36837175,7251397,37262090,51904,1666,797,45309,38147,800,32326,2885,21367,1140,650,235,638
Laren,27427207,34874011,31756914,1836085,3010724,1992647,16808439,1589071,4182888,7571374,27302637,4678235,27078679,9993,1012,648,8787,7655,412,6963,568,3976,555,562,173,535
Leek,41906879,42334369,35678168,3166696,4729174,4083307,23591455,4093860,6325694,11325184,31009185,3475845,32202323,17531,1414,575,15186,13422,593,11124,1136,7116,1046,477,129,481
Leerdam,47959628,40668145,34825510,3080401,5829654,4306479,28117560,3717953,7214060,10011902,30656243,4017516,30807993,18500,1493,678,16009,14333,757,11979,1103,7925,1081,549,249,503
Leeuwarden,246274973,171935087,102924302,16072341,26384077,25391898,135198364,36065392,32554798,79417415,92517672,27559364,75364938,92883,7728,2051,80576,70853,3918,57711,8034,36108,6441,2033,779,1452
Leeuwarderadeel,21148835,28661244,25093753,1542203,2422691,2703447,12670750,1507125,3006065,8641865,20019379,4141681,20952072,9044,858,359,7759,6791,404,5667,482,3689,668,294,98,281
Leiden,235049293,126215661,78448445,17910855,27247921,20010356,129607908,31744498,28538111,49041506,77174155,14993011,63455434,102015,5759,1786,90134,77715,2574,63662,8552,35918,4417,1740,634,1357
Leiderdorp,58089876,32793421,24352873,4076675,6781011,4856281,34690991,5448039,7093160,11930144,20863277,3833205,20519668,24129,1328,473,21182,18824,675,15450,1650,9784,1062,383,154,367
Leidschendam-Voorburg,176870627,87784938,66001021,10044692,19962501,13116580,106257173,16842669,23763592,33261414,54523524,14469408,51531613,65612,3949,1352,58484,52262,2154,44232,4255,25141,3034,1310,492,1011
Lelystad,181042016,117236094,75360016,11868038,21620492,11761007,106347162,17641299,23565024,49989741,67246353,19199833,56160182,68269,4725,1577,59829,53558,2062,44183,4583,29446,3771,1311,748,992
Leudal,82920193,62673582,44880939,5743083,9295219,5630663,49267360,6107971,12506559,29370159,33303423,14358497,30522442,32190,2259,845,28946,25003,1175,21631,1641,13437,1717,689,335,591
Leusden,61645164,31854882,22972991,4490540,6708522,4550510,36090988,5470695,8884421,12343161,19511721,3968339,19004651,26093,1747,498,22889,19457,1207,16836,1548,10284,1431,397,192,360
Lingewaal,22737719,11087805,7705216,1472094,2437208,2098251,13919094,1603364,3305960,4898647,6189158,2318816,5386399,9889,496,180,8522,7689,297,6194,525,4022,378,145,83,114
Lingewaard,96935648,56888383,38873320,6691970,10687783,10350653,57338221,8574605,13643068,25448055,31440328,10300678,28572642,41172,2251,772,36321,31203,1297,26422,2400,17193,1720,697,268,585
Lisse,46620698,17381641,11712246,3475637,5345929,3950306,27955755,3260915,6582463,9041897,8339745,3694412,8017834,19864,948,279,17329,14806,642,12534,1205,8025,797,199,136,183
Littenseradiel,19765650,12059318,7703185,1677515,2363980,1990118,11418471,1298993,3006691,5724050,6335268,1998647,5704538,9604,598,196,8173,7024,315,5518,498,3981,479,142,94,118
Lochem,74703423,69398876,51329202,5053006,8283666,10001570,44672950,5803694,10890107,25018182,44380694,10270643,41058560,29707,2448,971,25724,23026,1528,18391,1469,12155,1791,865,344,740
Loon op Zand,53771194,35607073,28220069,3336155,6501725,3288410,32404249,3692424,7836642,14880192,20726881,8117807,20102262,20818,1446,569,18434,16315,682,14000,1104,8724,1109,433,238,378
Lopik,26039514,10229426,7800473,2081533,2898030,1840983,15351279,2133892,3574779,5717517,4511909,3095512,4704961,12393,561,191,10771,9272,348,7705,600,5138,486,111,112,103
Loppersum,22398845,16421702,10252195,1558635,2928462,2564803,12595216,2237497,3079035,8756165,7665537,2600569,7651626,9131,662,225,7930,7182,314,5714,552,3653,511,197,70,168
Losser,50460311,62485335,52828569,3250505,5644481,4634376,31514221,2638181,7412923,13739903,48745432,3546015,49282554,19794,1730,772,16729,14940,832,13517,817,8524,1192,680,154,653
Maasdriel,53501625,27321422,19747885,3441161,5646382,4846967,32976702,3640257,7797124,12101999,15219423,4411227,15336659,21643,1282,461,18917,16484,757,13936,1062,8895,1049,312,225,300
Maasgouw,59108191,75880194,70614578,3706543,7349903,4311141,35906161,3171079,8974504,11989091,63891102,3322320,67292258,21394,2018,1047,18927,17102,863,14829,1120,8769,1313,955,163,929
Maassluis,70077492,43903360,34250662,4640181,8545251,3930936,42312710,4877456,9701893,13912459,29990901,6217764,28032898,28913,1659,724,25463,22595,828,19460,1374,11479,1201,652,294,540
Maastricht,296381702,210102340,148613057,18531127,37386295,24606195,161361625,30938019,48164637,75711164,134391176,25212720,123400337,101164,8947,2953,90779,83038,4492,64941,7898,39774,6779,2743,904,2263
De Marne,23994836,15441096,9357035,1919517,3125600,2442421,13100549,2151567,3697602,10098143,5342954,4065853,5291182,9020,670,185,7929,6989,393,5818,569,3610,567,137,79,123
Marum,20416788,14786182,11478833,1575812,2498453,1601816,11393293,1972859,2976371,7967233,6818948,4487957,6990876,9024,552,206,7784,6872,258,5785,481,3436,441,145,82,145
Medemblik,82620610,72327631,60637957,6292302,9714028,5407263,48067077,6289076,12258126,23051497,49276134,13048977,47588980,38551,2240,1097,33883,27907,978,22929,2176,15385,1567,895,385,794
Meerssen,48875947,30310769,24190735,3065561,6347430,2987960,27495749,3935638,8031570,11679833,18630936,6214737,17975998,17433,1343,477,15609,14190,675,11282,1110,7154,1028,396,157,360
Menameradiel,27052885,14938170,9592413,1822191,3250144,4779749,15991241,2072953,3916355,10525619,4412551,4572668,5019745,11988,872,206,10133,9097,520,7156,607,4969,826,135,108,110
Menterwolde,30647715,20192274,14671883,1934989,3876109,2648105,18025584,2710272,4100761,11886920,8305355,6535429,8136454,11074,805,264,9711,8848,378,7456,792,4428,683,180,127,155
Meppel,79154604,66646445,51818610,5533957,8509904,7701848,45327931,8597622,11185190,23429481,43216965,9873700,41944909,29650,2397,960,26545,22657,1178,18688,2138,12847,1765,796,325,706
Middelburg,99024979,99756839,67192575,6665171,11551673,11130834,52730788,10385846,17691501,36362564,63394274,12128579,55063996,42192,3541,1274,36871,31882,1796,27710,2563,17218,2592,1313,438,942
Midden-Delfland,33586476,18415559,13496996,2576292,3782775,2163267,20685164,2191742,4350503,8399749,10015810,3707993,9789003,16672,687,287,14350,12449,427,10349,704,6479,527,202,123,202
Midden-Drenthe,80507515,69373031,52481288,5337472,8497072,8437624,45695777,9973743,11003451,24021518,45351513,8843903,43637384,29802,2445,832,26051,22498,1349,18848,1938,12519,1810,752,250,629
Mill en Sint Hubert,24012448,14843099,11264611,1422683,2854009,1742045,15101757,1389281,3244718,7153531,7689568,4149580,7115031,9680,581,214,8329,7271,329,6025,539,4232,460,169,96,143
Moerdijk,84414337,48291828,35699375,5142840,10408564,5781351,50526490,5448210,12888233,17955700,30336129,8492570,27206805,33518,2192,875,29884,26457,1352,22380,1631,14050,1687,655,413,545
Molenwaard,51586686,28604024,22336878,3867318,5986836,4127389,29591411,4129271,8011851,12737678,15866346,6472943,15863935,25291,1268,478,21379,18529,726,14420,1142,10875,1026,329,228,306
Montferland,83973773,51079153,30998477,5467562,10393669,10261853,50596131,5826002,11690409,25985422,25093731,8667445,22331031,31517,2325,642,27590,24393,1401,20266,1626,13214,1934,522,264,440
Montfoort,25234548,7533627,4390753,2139355,2832007,2177592,15075328,1820384,3367473,5010889,2522738,2162683,2228070,12180,457,119,10588,8937,298,7345,577,5128,419,60,81,44
Mook en Middelaar,16557347,7788353,5746199,1191885,1796821,1319596,10022181,1199677,2346783,4062842,3725511,1970301,3775897,7028,340,108,6163,5401,232,4509,400,2808,287,71,54,65
Neder-Betuwe,47557033,27614896,20249818,4015291,6260104,4216266,26481815,3731282,7068541,12164615,15450281,4737579,15512239,19484,1109,384,17392,15472,619,11940,931,8346,885,309,146,265
Nederweert,39217620,23056724,16573278,2691097,4387935,2985915,23100749,2953720,6084119,10245679,12811044,3802411,12770867,15157,941,349,13650,11800,551,9974,606,6087,749,240,150,229
Neerijnen,23581765,11146258,8834919,1788972,2549328,1746100,14017607,1632133,3593725,6793367,4352891,4884426,3950493,10584,496,184,9202,8073,324,6648,461,4552,424,98,125,80
Nieuwegein,139571067,61814277,37600356,9196742,16587413,7828331,81207786,14728595,17850530,26652265,35162013,10981809,26618547,54879,2959,895,48510,42969,1515,35401,4133,21087,2359,764,447,533
Nieuwkoop,54488159,56692301,53524769,4096170,5964250,3191819,34174563,3410643,6842533,9294190,47398111,4263431,49261338,24058,1476,811,21017,17913,599,15128,1092,9668,864,712,184,688
Nijkerk,87022218,44160640,30695780,6195833,9636199,6287908,51964145,6497287,12728755,19476121,24684519,7786854,22908926,36342,1876,634,31512,26730,1019,22956,2127,15597,1466,527,239,466
Nijmegen,372664316,259012466,173127745,25222690,40361979,32621360,207081045,51355370,48643232,101278082,157734384,35688594,137439151,147048,10617,3599,130201,108991,4977,88401,12205,55229,8194,3163,1495,2416
Nissewaard,203863009,86751858,63359062,12263235,26082934,10223787,120235665,16711243,28569932,34761171,51990688,16368494,46990568,76893,3864,1278,68848,62206,2135,51748,4916,30972,3035,1170,537,869
Noord-Beveland,17504694,11190339,9561319,1064299,2153938,1213474,10020920,1147756,3117782,5068494,6121845,3598710,5962609,6603,468,204,5832,5312,279,4565,339,2656,347,175,85,137
Noordenveld,68778544,50093666,32384235,4815454,7592479,8153171,39916462,6708716,9745433,24911410,25182256,11323556,21060679,27996,1988,635,24382,21383,1117,17786,1727,11168,1585,527,251,432
Noordoostpolder,91967833,78294497,52570563,6644542,10537082,9019282,53658759,6617354,14510096,34500729,43793768,14959162,37611401,40409,3052,1059,35056,29664,1419,23758,1948,17603,2354,897,465,710
Noordwijk,52198019,82152512,75820355,4161949,5739540,6732218,30113183,4651202,7532146,14051208,68101304,4344980,71475375,22563,1790,1020,19805,17316,752,14322,1519,8792,1019,902,178,902
Noordwijkerhout,34341067,29911166,19813072,2326714,3868685,2429384,19511868,3718884,4914916,6002585,23908582,2146965,17666107,14276,940,339,12507,10832,420,9287,1052,5789,613,403,103,264
"Nuenen, Gerwen en Nederwetten",53274442,19734156,13583302,3015249,5592764,3455398,33595130,3912403,7158896,10980771,8753384,5074753,8508549,20544,994,286,17962,15851,668,13822,1027,8054,850,222,148,174
Nunspeet,59267120,56216197,43014004,4019667,6443159,5625377,34863912,4663226,9277156,20200092,36016105,11009669,32004335,23711,1795,763,20447,17948,887,14444,1110,10465,1296,641,278,561
Nuth,39882848,24048360,17086249,2342110,4826240,2848481,23839354,2406118,6469025,9145843,14902517,4331511,12754738,13998,1117,374,12449,11411,598,9185,782,5718,822,352,130,286
Oegstgeest,47047594,43041939,34091425,3594984,5182272,3617304,25784721,6010412,6475205,11249323,31792616,5030202,29061223,20341,1244,588,17568,15264,502,12913,1548,8057,782,540,164,472
Oirschot,38141656,23131716,16886957,2595916,4339428,3416984,22544250,2500397,6161665,8236672,14895043,3260532,13626425,16472,1017,430,14528,12815,540,10538,747,6910,761,351,173,302
Oisterwijk,59043708,48893641,37627288,3770820,7591771,3111557,34711710,4525851,8443556,17109360,31784281,11695643,25931645,23227,1769,780,20825,18134,736,15663,1319,9811,1266,652,352,548
Oldambt,105064685,86069772,52285125,6391215,13650900,14624535,59616539,10821147,14584885,44955593,41114179,18919596,33365528,34989,3489,1079,30862,28368,1760,23754,2627,14779,2783,963,451,723
Oldebroek,46916135,29924729,20037050,3282241,5452471,5472087,27333292,3178149,7669982,14699544,15225185,5758248,14278802,20415,1328,411,17650,15290,760,11854,1028,8597,1106,318,178,272
Oldenzaal,72778521,51303507,34542548,5296854,7970132,8734290,43345862,4966776,11198898,20411598,30891910,5745241,28797308,28860,2236,749,25024,21863,1249,19340,1377,12295,1771,653,253,580
Olst-Wijhe,40308800,35341185,26429198,2686757,4387207,3731829,23695737,3634773,5904325,10919373,24421812,1777459,24651739,15841,1198,520,13931,11720,675,10244,832,6631,861,458,124,440
Ommen,37209771,30105937,24197017,2519008,3848307,3801050,22383155,2918808,5540494,10809394,19296543,3771319,20425698,15077,1118,422,12823,10885,631,8804,691,6338,851,350,119,346
Onderbanken,19745111,9524906,6267139,1117658,2236338,1642427,11622715,1329250,3439150,5378769,4146137,1945609,4321529,7064,585,169,6409,5783,367,4939,410,2988,502,131,82,110
Oost Gelre,64656706,53048305,35211384,4739178,7567880,8897465,39220341,4427842,8701466,20398142,32650163,6177922,29033462,26222,2092,704,22662,20159,1160,16759,1132,11110,1561,685,193,572
Oosterhout,126760135,59519672,47091575,7264722,14426755,7018708,74541151,9876958,20650550,25311026,34208647,11857515,35234059,48880,2962,1102,43081,38950,1574,31197,2397,19834,2389,799,531,703
Ooststellingwerf,57121819,71736099,59790911,4029683,7011520,7573089,32928831,5104828,8046958,27913339,43822760,15156523,44634387,23011,2118,884,20010,18230,962,14720,1386,9487,1574,722,254,683
Oostzaan,19768005,7583656,6318004,1400620,2183422,713285,12314383,1107453,2762125,2143567,5440088,1151198,5166806,8309,385,147,7392,6216,231,5226,438,3277,293,122,49,107
Opmeer,22216522,11075219,8224933,1621270,2488882,1715730,13074018,1900589,3131763,5084406,5990813,2007234,6217699,10011,519,166,8736,7147,296,5888,503,4042,430,131,73,114
Opsterland,62432825,68239574,56721182,4379225,7026622,7038988,37223610,4819120,8984248,22324069,45915505,9034482,47686700,26385,2075,834,22540,19546,961,16236,1415,10938,1527,697,210,673
Oss,212995179,100477795,64351300,13262857,25584958,18649822,123707513,18974727,31465124,52718929,47758866,20839704,43511596,81062,5017,1505,71966,63619,3152,52420,5256,35215,4234,1126,807,889
Oud-Beijerland,49042929,36708833,30167169,3385637,6078679,2806160,28760475,3487288,7330850,10971175,25737658,5896577,24270592,21543,1283,550,19031,16497,616,13719,1018,8630,884,538,174,427
Oude IJsselstreek,88929854,71572994,49423738,6384883,10753778,12535717,52671427,5764811,13354954,29622984,41950009,11394841,38028897,35296,2921,1061,30590,27064,1732,22237,1605,15331,2265,867,422,744
Ouder-Amstel,28007368,17621150,14893339,1992706,3022079,1744689,16615924,2485815,3890844,3688213,13932937,1566043,13327296,11874,640,342,10287,8777,293,7424,679,4650,400,297,113,267
Oudewater,20571365,13825549,10605065,1336240,2423782,1367888,12491541,1326264,2993538,6648367,7177182,4501493,6103573,8818,545,267,7636,6436,285,5323,434,3676,415,186,138,168
Overbetuwe,99608485,48912424,36031318,7195584,11577814,6711415,58391935,7966727,14476424,23249232,25663192,11285461,24745857,42218,2088,717,37283,31480,1171,26187,2515,17570,1691,549,292,493
Papendrecht,72557761,31173708,20348397,4308051,8440368,4618715,44283715,5642124,9883503,12094926,19078782,4522176,15826221,28963,1571,525,25392,22942,939,18269,1617,11652,1261,417,245,337
Peel en Maas,98921538,67270881,52765230,6671343,11278022,8065288,58867372,6556910,15547891,22303563,44967318,7728802,45036428,38702,2390,902,34147,30086,1304,25881,1731,16698,1751,785,250,731
Pekela,33297484,20879029,11389674,2135831,4356643,5475385,19220422,2638173,4946414,14334887,6544142,5029916,6359758,11344,1014,242,10155,9373,571,7685,696,4945,896,176,117,146
Pijnacker-Nootdorp,97079729,76595829,67639122,6696248,10703751,4942516,58754720,7863130,13061881,17081516,59514313,8065061,59574062,45611,2033,1015,39767,34221,880,28039,2727,19096,1343,883,284,812
Purmerend,187457757,126169862,101460473,13524836,22064605,12734398,111903037,16411277,23554002,41882108,84287754,21088609,80371865,71957,4874,2010,64545,55807,2363,47690,4750,28385,3657,1597,833,1381
Putten,52454565,32963457,26639648,3833393,6113974,5196969,30061022,4631601,7814575,17490530,15472926,12064095,14575554,21585,1295,506,18939,16515,746,13080,1087,9240,1063,304,294,268
Raalte,75799204,62562659,42286706,5650583,8685627,8171522,44566659,5564085,11332251,22120410,40442250,2634779,39651927,32517,2427,848,28218,23790,1320,19806,1394,13676,1809,808,197,716
Reimerswaal,42946895,26168068,18497985,2831454,5432974,2654987,23485503,3531364,7665600,8488071,17679997,4045099,14452885,19005,1141,383,16224,14465,588,11698,934,8559,840,408,131,295
Renkum,81901382,95233325,63145485,5165293,9031988,8633058,45940248,11084039,10679814,21971065,73262260,9071991,54073494,28174,2745,1145,24602,21583,1178,18729,1830,11444,1623,1319,280,928
Renswoude,10065128,2991704,1765132,785821,1037066,898138,6074057,678026,1490157,2409247,582457,1021594,743539,4198,164,37,3591,3061,109,2506,175,1906,157,14,25,14
Reusel-De Mierden,26021998,11677122,9316809,1797460,3002727,1447762,15202220,1705382,4314209,5382065,6295056,2991934,6324875,11446,558,192,10091,9285,288,7349,533,4839,443,164,80,129
Rheden,108883541,96716890,76845331,7459687,11876388,9650628,65120244,8772878,15654343,31023271,65693620,13541427,63303904,39218,3526,1501,34688,30341,1649,26247,2451,15991,2443,1365,447,1195
Rhenen,39646848,33614821,26640174,2879959,4576805,4313680,23842822,2967961,5379301,11719146,21895675,5328683,21311491,17020,1101,449,14616,12601,627,10622,771,7206,821,350,162,327
Ridderkerk,104224756,53696326,42626385,6492852,12560998,6918122,61999200,7575545,15596161,18243304,35453022,8507903,34118482,41089,2394,981,36670,33337,1360,27615,2048,16333,1777,891,410,709
Rijnwaarden,24448311,15972883,10942957,1659032,2657410,2800499,14568037,1824564,3739268,7945308,8027574,3409871,7533086,9668,674,232,8430,7388,350,6139,494,4188,530,192,86,169
Rijssen-Holten,78525109,54042938,39654068,5824270,9824825,8978359,44540716,6073287,12262012,22425012,31617926,6619071,33034997,34066,2291,826,30034,26870,1396,21221,1528,14856,1815,655,263,646
Rijswijk,121740839,69536052,52403013,6619493,14748481,10665789,72012286,10621604,17738975,24086188,45449864,9088556,43314458,42798,3064,1230,38072,34599,1567,29750,2878,16626,2250,1089,415,944
Roerdalen,52662842,27868236,22277578,3352223,6264460,3734871,30903292,4100113,8042755,12266619,15601616,5615820,16661758,18452,1231,472,16445,14991,709,12699,953,7710,961,340,185,339
Roermond,146853760,86948694,60133068,8717571,16794451,7940964,85823708,14827346,20690684,32106838,54841857,11790742,48342326,51176,3778,1293,45722,41235,1862,34129,3568,20937,2844,1202,478,941
De Ronde Venen,86214085,37039677,29481660,6083348,9757252,5050377,52715669,6367935,11289881,13219522,23820154,6022732,23458928,38057,1669,686,33265,28643,1029,24284,1944,14453,1294,498,299,467
Roosendaal,186799495,125475278,90195689,10491315,22698931,17408677,105235950,17590202,30783097,43521528,81953749,14141430,76054258,69371,5555,2034,61167,55707,2904,46758,4324,29025,4237,1723,742,1479
Rotterdam,1408259969,895153101,608538973,95479458,173186182,117074856,789869586,151808695,197916048,338691349,556461751,134294820,474244153,543291,36031,13069,484925,433536,16803,356499,36588,207791,26717,11978,4983,9428
Rozendaal,3126807,863760,672976,226104,293488,345551,2020058,144115,443043,612047,251713,426465,246511,1342,52,23,1134,978,50,846,63,517,48,,21,
Rucphen,60370024,28218798,18818301,3278056,7508903,5721910,35612843,4050621,9919601,14367523,13851275,5108857,13709444,20578,1490,470,18493,17571,918,14180,1000,8703,1253,316,200,316
Schagen,94679635,62843612,49011331,6369177,10393638,8733890,57169905,7475129,13271786,22231243,40612368,8318952,40692379,40311,2458,892,35035,29598,1391,24908,2270,15940,1912,727,292,693
Scherpenzeel,18139458,13478710,8068966,1342296,2097601,1642111,10383205,1391582,2924774,4005847,9472863,1229291,6839675,8274,512,156,6939,5853,220,4624,412,3627,358,184,44,128
Schiedam,169627558,103100151,77244749,10934430,21460975,11007337,101161252,13831508,22239392,33751289,69348861,15643683,61601067,68465,4035,1731,61023,55368,2008,46157,3918,26768,2850,1530,676,1263
Schiermonnikoog,1964774,905966,324708,267519,234128,384351,1027709,88952,346466,688638,217329,194509,130199,837,55,,749,660,46,459,33,304,51,,,
Schijndel,54181682,32268699,25395596,3649156,6309246,2635808,32400194,3917022,7906064,11496650,20772049,5518593,19877003,21469,1285,508,19240,16685,632,14247,1182,8922,951,403,206,359
Schinnen,31258652,18033056,12828055,1907986,3444378,2972235,18461886,2349699,5094703,8020696,10012360,3063471,9764584,11560,972,279,10384,9297,619,7728,666,4645,815,229,119,196
Schouwen-Duiveland,78969196,47584284,34313512,4911394,9791800,7628384,45727221,5032343,13506438,19241626,28342658,6557450,27756063,30312,2062,718,26623,24555,1292,20675,1427,12312,1595,665,223,571
Simpelveld,27567726,16632863,8326989,1630911,3040429,2205306,15798283,1645524,5452579,5515881,11116983,1311867,7015122,9458,722,182,8297,7621,404,6265,540,3931,534,249,64,139
Sint Anthonis,22193693,30327822,25500797,1586965,2617120,2236910,12829841,1807169,3352599,5852163,24475660,2040381,23460416,10409,832,393,9021,7616,373,6436,556,4501,510,381,75,346
Sint-Michielsgestel,63415936,51429613,40563568,4080672,7038502,4296837,38483130,4474932,9338700,16627101,34802512,6926570,33636999,25851,1625,688,22698,19852,808,16958,1377,10853,1205,572,241,514
Sint-Oedenrode,39160920,22510218,16146550,2500612,4021463,3437990,22909553,3674802,6054489,9618238,12891981,3980865,12165685,16027,949,340,13915,12077,540,10208,824,6913,760,265,151,239
Sittard-Geleen,247111592,164703993,122241242,15411120,30248380,20944301,136446250,25477107,39528736,67776504,96927489,22252976,99988267,84857,9005,2646,76917,69432,5058,56473,6294,34628,7304,2302,944,1991
Sliedrecht,55516081,93267385,84058086,3087931,7047729,5588543,32292287,4995589,8092546,14353019,78914366,5300284,78757802,22106,2206,1241,19123,17499,933,13626,1276,8985,1233,1125,242,1063
Slochteren,33642891,18905431,11631851,2571571,3884480,3065361,19865687,2309802,5011352,8962527,9942904,2565190,9066661,14008,839,275,12378,10634,445,8692,820,5658,643,243,89,206
Sluis,55259567,38797599,26907149,3226882,6545308,5855395,24855105,2615807,18016464,14567711,24229888,5366633,21540517,20347,1826,659,17291,16262,1128,13209,1085,10033,1455,599,285,431
Smallingerland,125583858,119397380,86271802,8552346,14466971,11570867,68712490,16234343,17617709,48047051,71350328,21808240,64463562,49350,4299,1443,42946,37893,1820,31758,3701,20246,3318,1290,508,1046
Soest,106655900,65813764,45261760,7419146,11700874,8423185,63721242,9397405,14417233,23768644,42045120,9673815,35587945,40996,2576,928,36138,31257,1448,26481,2537,16846,1903,846,292,709
Someren,39946611,27405857,21260611,2480269,4426112,3022068,24344083,2424006,6272141,10555353,16850504,4174960,17085650,16417,1123,437,14419,12286,597,10491,740,6863,831,382,151,348
Son en Breugel,36906132,24854783,20276212,2196931,4496488,3124676,22421072,2354654,5436987,10892130,13962654,5053887,15222326,14751,932,351,12874,11247,508,9743,749,6082,757,263,167,226
Stadskanaal,87004950,66059343,39170883,5780756,10896873,14156435,50679387,7593104,12054830,34006510,32052833,11031482,28139401,29643,3139,840,26140,24097,1697,20475,1954,12792,2621,690,315,582
Staphorst,29312098,18792825,11405041,1939815,3038968,3532929,17899889,1963829,4469597,13860821,4932004,6862175,4542866,13674,780,224,11100,9286,465,8040,578,6427,708,119,140,102
Stede Broec,42615983,23847323,19855452,2972409,4974571,2155755,25173080,3374172,6121750,8784563,15062760,4939331,14916122,18922,1009,438,16555,13826,490,11862,1240,7727,747,340,177,309
Steenbergen,56315310,33788892,24949143,3457097,6942392,4215560,33274798,4303652,8337371,13414880,20374012,5946123,19003021,21002,1567,667,18905,17030,892,14581,1128,8718,1207,458,319,394
Steenwijkerland,101221795,66734446,42186143,6611200,10879535,13096213,61612124,6994369,15124567,32691631,34042815,11239518,30946625,38476,3050,916,33640,29503,1806,24875,2012,16621,2492,759,388,615
Stein,60651258,31889226,20163971,4126177,7385309,4587950,34561613,4816095,9762063,13783576,18105650,4778572,15385399,23024,1944,488,20908,18695,1211,14993,1317,9362,1645,414,208,327
Stichtse Vecht,138718076,63074488,46429360,9816941,16113094,8658772,82262637,11628704,18896700,25288306,37786182,12567502,33861859,57145,2953,1183,50320,43361,1738,36541,3212,22433,2326,867,585,725
Strijen,17236812,10953883,7981516,1204158,2503408,1548005,10006543,1044075,2478629,4561758,6392125,1951836,6029680,7906,485,165,7027,6429,286,4735,391,3034,376,146,63,115
Súdwest-Fryslân,173754229,142965951,100287999,12796030,20116104,19429989,101580584,14515036,24746474,57484563,85481388,21823746,78464253,74257,6078,2545,63577,55096,2791,45298,4331,30699,4772,1739,1237,1481
Terneuzen,129238510,85504357,60026429,8565947,15718756,9958735,70087472,7941943,26924392,28550989,56953368,8919239,51107191,47430,4042,1287,42072,38557,2222,33013,2267,20210,3136,1284,423,988
Terschelling,9118591,4930993,3664893,1192041,1122313,882130,4774619,685497,1344122,1622799,3308194,278537,3386356,4256,246,87,3816,3292,148,2587,183,1509,182,74,17,75
Texel,29717334,19180275,15971693,2012298,3651083,1474547,17134673,2014817,4904463,5714391,13465884,3427794,12543899,12094,733,337,10689,9082,405,7101,656,5005,501,285,115,257
Teylingen,71766995,47262955,43101121,5632512,8115355,4273794,40939841,6771084,10308202,13937689,33325266,4756619,38344503,31871,1715,839,28208,24036,793,19907,2180,12887,1168,677,208,727
Tholen,54904890,30843256,22242262,3390127,6981893,4477149,30291579,4173522,10067769,14204785,16638471,6054762,16187500,22711,1508,491,19609,18084,722,14727,1111,10173,1248,405,214,319
Tiel,94697237,67839600,53264476,6847801,10593535,6879954,54740967,8347936,14166998,25748574,42091026,13321202,39943273,37300,2499,1149,33306,28631,1195,24401,2159,15550,1816,844,534,736
Tilburg,461468412,386315123,294272645,28393936,56321450,26000578,261252577,50253055,65247394,123164859,263150264,51896271,242376375,185008,13826,5450,163821,142142,5610,118498,12775,74043,9881,4924,1721,4158
Tubbergen,40974870,31954838,20703225,3005730,4916178,7743776,24624539,1559725,6868699,17737103,14217735,6785850,13917375,18983,1257,410,16313,14500,803,11990,566,8348,1058,308,162,276
Twenterand,75978834,55202814,33303759,5202420,8906601,10752863,45221659,5068770,11579384,29078354,26124460,9961452,23342308,30326,2313,695,26422,23556,1227,19096,1306,13485,1921,540,306,463
Tynaarlo,77482011,91525188,73368505,5236182,8012224,7944434,41539485,12489676,10204444,22772106,68753083,10241049,63127457,29193,2498,1155,25170,21532,1136,17849,1914,11894,1545,1094,244,977
Tytsjerksteradiel,64884842,66207633,52404127,4491900,7459873,9517156,39307085,4268234,9357751,26646073,39561560,13431963,38972163,27999,2361,877,23808,21464,1233,17131,1567,11591,1801,720,300,649
Uden,100056855,57376422,41049593,5915431,10895667,6760964,60877291,7909070,14459396,23435626,33940795,8353469,32696124,37103,2386,844,33237,28742,1304,24242,2529,15861,1855,698,326,611
Uitgeest,25237265,8320766,5679148,1928560,2687213,1256436,15371315,2093880,3156296,4400266,3920501,2537546,3141603,11772,408,126,10259,8422,237,6795,659,4459,354,87,68,65
Uithoorn,58795418,27114219,20228766,4266027,6775103,3187454,34273783,4864240,8616265,9384477,17729742,4862581,15366184,25558,1204,496,22191,19417,598,16409,1535,9952,902,401,265,341
Urk,31902443,24963082,19184477,2970348,3512421,2294020,18156530,1728719,5534425,13571913,11391170,6567351,12617127,16697,978,365,14119,11887,389,9035,465,8028,796,262,161,237
Utrecht,643038116,354190948,218019607,48061039,69711120,45180010,337959082,95073313,92233562,145719973,208470976,51770158,166249449,284348,15034,4971,251388,207859,6847,170561,23133,105305,11521,4342,2033,3299
Utrechtse Heuvelrug,113091687,124194720,99580419,8041575,12025974,12302244,67153299,10184492,15686347,34456462,89738258,16263879,83316539,42791,3679,1759,37365,32434,1874,27540,2519,17595,2391,1478,532,1352
Vaals,22075825,15535539,12353102,1198145,2707142,1970928,10722393,1837462,5610683,5932375,9603164,2523498,9829604,6933,652,255,6270,5746,355,4667,488,3238,477,222,72,210
Valkenburg aan de Geul,44335586,36090226,26274346,2738930,5188370,3809674,25988676,3450561,6969049,11249317,24840909,4550470,21723876,14945,1350,530,13492,12098,705,9903,920,5785,928,514,139,427
Valkenswaard,73856846,44359548,34461911,4398247,8571800,5203762,43778583,5784494,11323723,13086275,31273273,5215770,29246141,27345,1915,699,23906,21641,994,18287,1574,11276,1393,721,244,524
Veendam,69983748,51146809,31840462,4438799,8725213,9430225,40410563,6383751,10025422,29857768,21289041,11108292,20732170,25038,2319,691,22040,20078,1120,16867,1852,10551,1931,530,285,468
Veenendaal,138274207,89468497,57977091,10046639,16686293,14979140,79089413,13082009,19369853,45356261,44112236,22280103,35696987,57101,3768,1209,49990,43339,1990,34944,3152,24631,3044,974,570,752
Veere,42280560,37778119,30393082,3073371,5011387,4182468,24522497,2111711,7561594,10020603,27757516,3479981,26913101,19395,1268,548,16761,14751,683,12358,631,7792,842,544,131,459
Veghel,82675987,46152944,34356341,5436170,9468815,6090751,49795556,5881829,12093618,18897726,27255219,10089722,24266619,33984,1979,730,30391,26532,1185,21737,1911,14484,1536,584,336,470
Veldhoven,102502243,79187448,67707311,6009910,11049133,6519142,59956988,9539298,15946915,21839561,57347886,7890134,59817178,39506,2612,1093,34393,30328,1218,26200,2264,15961,1905,958,320,851
Velsen,161887121,93241391,65193721,10774020,17518604,9971993,97342284,14112618,22139595,34766664,58474727,17760450,47433271,60460,3871,1520,54017,46294,1931,39127,4042,24308,2847,1249,641,1011
Venlo,257117743,141113455,91277961,14181136,31327262,23753029,148276471,25641374,37691501,59827436,81286019,19376597,71901364,88979,6414,1864,78828,69892,3767,59224,5669,37560,5118,1606,727,1360
Venray,102964873,77635128,61036330,6121615,11950873,7260247,56481798,13013640,15396947,22255469,55379659,10591665,50444666,38322,2543,1044,33416,29131,1251,24655,2528,16387,1702,954,343,764
Vianen,43353121,20145284,15670470,2872274,5050499,2706567,26503383,3273823,5653141,8823064,11322219,4721834,10948636,17611,943,407,15485,13732,575,10977,954,6959,748,263,205,252
Vlaardingen,167158136,101409659,75385121,10025933,20272344,12010842,98054098,15243776,23561984,35677602,65732057,16607726,58777396,63941,4027,1692,56975,51224,2106,42701,3794,24930,2914,1477,686,1222
Vlagtwedde,43086394,32209525,20168643,2699005,5203535,7581828,25944443,2969162,6270250,17612895,14596630,5813763,14354880,14287,1353,388,12604,11763,824,9873,797,6117,1097,314,132,279
Vlieland,2140601,874246,492797,301186,252031,286462,1231017,57227,299140,477300,396945,25493,467304,944,49,14,855,760,39,592,31,348,49,,,11
Vlissingen,104473127,68602232,42037387,6403405,12422017,12607761,57450407,9503032,18694265,31013023,37589209,7556098,34481289,38821,3121,927,34067,30452,1864,26221,2200,15689,2494,939,337,691
Voerendaal,30107880,10505651,7716279,1857667,3649213,2338417,17001159,2323584,5276256,6063882,4441769,1958707,5757573,11241,668,189,9969,9035,439,7337,588,4570,577,124,85,120
Voorschoten,54451411,31885583,28723318,3746851,6249573,4067375,32306401,4820482,7328105,12491669,19393915,9870660,18852658,22653,1344,684,20114,17504,645,14611,1547,9091,1005,464,355,406
Voorst,51206890,73048435,50417921,3728806,6234453,5687485,30677789,3685422,6880419,12543316,60505119,2393062,48024859,21467,1847,817,18752,16119,898,13885,965,8843,1170,868,153,711
Vught,60674290,81185324,73522421,3353261,6235429,3579666,34584424,7818985,8682191,13382932,67802392,5951217,67571204,23138,2217,1257,19720,17504,746,15492,1476,9823,1268,1136,272,1091
Waalre,38112638,17480072,12746084,2339814,4443459,3263235,22988909,2591958,5748498,8333122,9146950,3460061,9286023,15345,884,282,13452,11803,550,9876,733,6333,738,245,127,196
Waalwijk,108053661,66622627,45790841,6794729,13022388,6324116,63337330,8575488,16323727,22589064,44033563,8608914,37181928,42034,2820,968,37664,32818,1295,27646,2171,17320,2071,953,334,716
Waddinxveen,54379725,33104623,25720278,3679119,6355696,4163645,33282697,3330558,7731656,11643222,21461401,5292291,20427987,22971,1649,489,20145,17946,1105,14609,1131,9136,1337,422,170,375
Wageningen,68429971,63485494,51722336,4988070,7831140,6806818,39019727,7657156,8933878,20206891,43278603,10305667,41416669,29629,2282,958,25911,22006,1034,17484,1931,11035,1588,895,275,781
Wassenaar,60518934,40574110,29957059,3522585,6615429,5361049,38477749,4053462,7849709,18761033,21813077,10227046,19730013,22363,1477,601,19703,17234,880,15691,1209,8900,1104,539,255,398
Waterland,37433681,12370687,9824406,2828771,4366735,1948537,22507828,2559367,5170980,3960812,8409875,1149048,8675359,15462,708,258,13630,11851,405,10121,687,6022,544,218,94,197
Weert,126738441,73550104,52347894,7471707,14002909,8459843,76179318,9804136,19280371,29117834,44432270,10601340,41746554,44356,3135,1063,39786,35526,1736,30116,2536,18474,2453,902,409,771
Weesp,37686331,26951583,20600190,2784206,4077122,1876283,22444026,3031959,5349019,7269884,19681699,4129434,16470756,16228,923,440,14425,12104,413,10212,956,6174,628,381,162,328
Werkendam,52546410,32367268,27056912,3783455,6484777,3489877,30641310,3245153,8391715,12968801,19398467,8082094,18974818,23557,1222,557,20407,17758,657,14482,1026,9667,940,397,271,354
West Maas en Waal,41894984,32183190,27434665,2894749,4452050,2780709,25520325,2589998,6437862,10644618,21538572,6888850,20545815,16678,1127,472,14713,12721,562,10598,837,6952,804,402,167,348
Westerveld,47374574,46199834,35150007,3148175,4764115,6081329,28785334,3906488,6770462,18336713,27863121,8290618,26859388,17016,1520,562,14791,13291,860,11157,1026,7244,1175,453,214,391
Westervoort,34077171,18356603,12359682,2481430,3899458,3288296,20238382,3203089,4254812,10050079,8306524,5421799,6937882,13489,827,274,12098,10512,402,8789,955,5392,707,200,156,148
Westland,204448235,136775175,122182083,14140294,23928990,11053349,123986119,15696351,26696481,31581439,105193736,14368006,107814077,91534,4540,2215,80717,70949,2317,58070,4709,37211,3118,1868,649,1781
Weststellingwerf,60481264,49434245,39519818,4039223,6706514,6501148,37153716,3730900,8850912,22556071,26878174,12833241,26686577,22863,1937,747,20097,17606,959,14600,1154,9592,1534,561,237,558
Westvoorne,32989232,21433018,16586044,2040757,3959533,3911326,19552842,2211662,5224438,11732938,9700080,7225354,9360690,12838,901,297,11278,10212,587,8268,612,5121,754,249,165,156
Wierden,48859521,27108502,18358140,3620513,5850643,6035729,28767231,3238612,7382521,13803080,13305422,5307882,13050258,21234,1249,404,18363,15997,799,13533,794,8990,1039,292,178,263
Wijchen,92013357,49025047,36992902,6167416,10283110,7798981,54169737,8530726,12862368,23967998,25057049,12300113,24692790,37196,2117,848,33185,28074,1141,22919,2206,15409,1734,554,508,487
Wijdemeren,52915741,25749090,19212147,3619122,5659615,4541030,32772616,3567551,7296837,11323660,14425431,5458479,13753668,21044,1083,428,18609,16308,695,14258,1129,8185,853,290,194,272
Wijk bij Duurstede,48356892,20999312,15558771,3500411,5240617,3917939,29203650,3784765,6627449,11906303,9093009,6381793,9176978,20793,1030,336,17944,15669,649,13093,1090,8354,882,208,184,194
Winsum,28993420,21767976,16260351,2138225,3571945,2519682,15592511,3074609,4616129,9176713,12591262,3603759,12656592,12329,867,332,10708,9191,360,7281,844,5157,639,291,91,263
Winterswijk,66260944,53725435,36128639,4410794,7889550,8961581,39599154,5519762,8841685,22158378,31567057,6536465,29592173,25602,2250,767,22316,20103,1267,16542,1154,10853,1689,707,192,627
Woensdrecht,52425374,27888474,19556065,2955881,5810596,3601569,30414326,3896856,9347715,13675774,14212700,6188160,13367905,18421,1344,548,16238,14618,730,12815,865,7803,1081,358,308,294
Woerden,108967316,64561042,47539194,7213107,12678608,7316129,63526160,11039483,14509958,23495368,41065674,10713902,36825292,45329,2514,1004,39633,34074,1311,28201,2687,18559,1870,829,420,693
De Wolden,54507852,43329870,27594259,4076908,5765122,7908061,33363255,3363360,7939207,17858355,25471515,6779161,20815098,21343,1605,547,18680,16145,986,13612,1043,8998,1219,500,210,386
Wormerland,34405874,12532154,9123089,2440012,3500712,1798932,21371505,2853883,4239762,5757708,6774446,2520355,6602735,14184,779,229,12684,10858,479,9080,895,5418,657,162,97,164
Woudenberg,25532989,33132750,30048409,1808775,2755200,2426862,15139761,2162343,3666910,9107304,24025446,6124948,23923461,11074,726,389,9407,7932,319,6733,633,4889,475,295,124,287
Woudrichem,28712890,19458030,15758901,2008711,3549250,2187610,16434941,1784361,4935627,8241669,11216361,4411335,11347566,12993,754,312,11478,10176,369,8278,565,5143,569,255,129,210
Zaanstad,335340607,170309674,122850022,23166906,37641332,18155245,196391301,33928121,44212947,70623828,99685846,35784034,87065988,135441,8506,2803,120522,104157,4987,87363,10092,52968,6855,2251,1198,1888
Zaltbommel,56467338,29897022,20370497,4315759,6476468,5926381,33167939,4142799,8364373,13083108,16813914,4466690,15903808,24320,1445,470,21599,18420,816,15383,1288,10351,1155,379,204,320
Zandvoort,46160859,42196863,35267544,2975914,5150512,3454752,27982287,3896902,6155244,8777660,33419203,4790096,30477448,15008,1286,688,13311,11893,663,10373,890,5626,801,576,218,522
Zederik,26486418,15962844,12400643,2029924,3432343,2655331,15276642,1499431,4248078,7618006,8344838,4702758,7697885,12130,720,277,10414,9160,461,7567,504,5010,598,177,150,154
Zeewolde,37821776,16325082,9679147,2775299,4272868,2503305,22229066,3028357,5516186,10133510,6191573,3650814,6028333,18611,817,182,15801,13494,370,11199,1227,7783,743,123,100,94
Zeist,142823611,180479754,157226244,9335875,15238453,11227279,79755850,20271249,18222185,36184038,144295717,19757464,137468780,54121,5000,2585,46292,40041,2101,34799,4015,22326,3018,2334,701,2080
Zevenaar,77199778,39992484,24124614,5305828,8605826,7429410,45565977,7155915,10566231,21868735,18123749,6737489,17387125,29065,1816,528,25767,22512,1056,19517,1694,11839,1542,410,236,352
Zoetermeer,281286581,127847992,90147625,17447666,32085856,16282888,163854993,27780851,40117214,49765313,78082679,21266799,68880826,111712,6018,1927,99621,87803,3114,74627,7692,44893,4714,1905,776,1338
Zoeterwoude,16249844,35135003,34113781,1280085,1793206,912029,9911772,1261551,2003229,3712344,31422658,2362445,31751335,7278,643,441,6312,5391,161,4766,395,2765,309,411,66,401
Zuidhorn,38332631,34520306,27127129,2866546,4181283,3052330,22698864,3264813,5321124,11306859,23213447,5006282,22120847,16720,1135,495,14382,12555,432,9979,935,6734,786,427,120,405
Zuidplas,81507186,44909832,39628766,6294593,9538142,4371346,49223970,5365251,11085229,14237318,30672515,7895980,31732786,36609,2042,701,32458,28122,1281,23184,1732,14729,1592,591,208,547
Zundert,45335799,41381382,35460824,2777428,5370076,3682000,26546038,2573540,8068717,10769661,30611722,4865560,30595264,18529,1510,744,16154,14794,842,12404,677,7598,1108,492,333,469
Zutphen,117040225,95429791,64150917,7296588,12675883,13467137,63808803,18592408,14666543,36237360,59192431,12820362,51330555,42080,3571,1307,36857,31754,1835,27193,3337,17688,2676,1119,498,930
Zwartewaterland,42542255,31709588,21770071,3285905,4740499,4195706,25273223,2490076,6752552,17473107,14236481,8511336,13258735,19774,1216,426,16940,14238,580,10869,796,8994,1001,289,205,268
Zwijndrecht,106942724,56027719,40087804,6061335,13702651,7787703,62333975,9028873,15815890,21818970,34208749,8731684,31356120,40800,2471,856,36119,33055,1423,26331,2428,16797,1884,747,334,619
Zwolle,265099390,231995637,157499450,18749600,27845649,23148541,144505144,35035317,38963680,90555395,141440242,31547328,125952122,109485,8837,3073,96067,78055,3611,64716,8483,43550,6670,2783,1081,2285
